day,real_deaths,S_seitd,E,I,T,D_seitd,S_seeiitd,E1,E2,I1,I2,T1,T2,D_seeiitd
2020-02-25,0,210147000,199.92000000000002,47.86095,0.0830311,0.00180685,210147000,240.3795,118.473,27.7466,5.729715000000001,0.009809285000000001,2.531815e-4,5.4510299999999995e-6
2020-02-26,0,210147000,357.00300000000004,120.251,0.35418649999999996,0.0142072,210146000,390.08799999999997,264.12250000000006,93.1546,31.894,0.108544,0.0056364150000000005,2.523215e-4
2020-02-27,0,210146000,483.9095,203.149,0.8555335,0.05059034999999999,210146000,487.9855,403.665,179.6705,82.98920000000001,0.4265835,0.0330617,0.0022545
2020-02-28,0,210146000,589.3745,288.3365,1.5917350000000001,0.12523099999999998,210145000,556.6690000000001,520.038,271.6215,152.7215,1.0664150000000001,0.11130999999999999,0.0103579
2020-02-29,0,210146000,684.652,373.8945,2.544845,0.25241749999999996,210145000,615.5065,623.444,359.82950000000005,232.577,2.0721000000000003,0.275042,0.03284905
2020-03-01,0,210145000,770.3485000000001,455.736,3.7044750000000004,0.444499,210145000,675.217,712.8679999999999,442.4045,315.101,3.44111,0.5580495000000001,0.08200279999999999
2020-03-02,0,210145000,852.7139999999999,533.8415,5.05701,0.7153430000000001,210144000,737.1975,797.7764999999999,517.107,395.8355,5.118600000000001,0.9855685,0.1738425
2020-03-03,0,210145000,939.7565,611.6185,6.566855,1.0754350000000001,210143000,810.706,886.962,588.5425,472.38,7.07,1.576905,0.327418
2020-03-04,0,210144000,1033.35,689.223,8.251265,1.5371100000000002,210143000,897.683,984.783,663.0215000000001,547.3969999999999,9.261680000000002,2.332045,0.561858
2020-03-05,0,210144000,1137.26,770.725,10.07065,2.1069750000000003,210142000,1009.335,1099.67,743.0575000000001,622.268,11.6491,3.26222,0.9013009999999999
2020-03-06,0,210144000,1262.415,861.0835,12.05585,2.7896400000000003,210141000,1145.1200000000001,1240.025,831.8895,703.5640000000001,14.187850000000001,4.374930000000001,1.3634000000000002
2020-03-07,0,210143000,1414.9050000000002,963.336,14.2147,3.60645,210140000,1316.995,1403.3400000000001,938.2815,790.437,16.923650000000002,5.672485,1.9745000000000001
2020-03-08,0,210142000,1590.94,1077.635,16.593700000000002,4.560155,210139000,1519.78,1609.915,1068.68,894.364,19.91485,7.150080000000001,2.751505
2020-03-09,0,210142000,1820.525,1215.8899999999999,19.25495,5.664085,210138000,1797.335,1869.01,1227.5749999999998,1018.05,23.253950000000003,8.79842,3.7190700000000003
2020-03-10,0,210141000,2094.24,1377.835,22.248150000000003,6.94745,210136000,2132.115,2188.02,1423.6100000000001,1167.095,27.001800000000003,10.65185,4.9048300000000005
2020-03-11,0,210140000,2435.1000000000004,1578.7350000000001,25.63565,8.427710000000001,210134000,2561.885,2602.725,1665.63,1350.0149999999999,31.2571,12.780350000000002,6.333400000000001
2020-03-12,0,210138000,2863.495,1828.335,29.4968,10.1338,210131000,3073.13,3113.1549999999997,1963.565,1578.505,36.189099999999996,15.1917,8.034170000000001
2020-03-13,0,210137000,3394.59,2136.84,34.01965,12.09295,210128000,3693.34,3704.44,2325.605,1850.54,42.02475,17.933500000000002,10.036650000000002
2020-03-14,0,210135000,4054.2400000000002,2511.2349999999997,39.354,14.3582,210125000,4459.535,4457.35,2768.39,2187.675,49.03530000000001,21.12295,12.400450000000001
2020-03-15,0,210133000,4873.585,2985.51,45.7809,17.006149999999998,210121000,5366.2300000000005,5364.175,3328.385,2603.61,57.5369,24.80825,15.19605
2020-03-16,0,210130000,5881.9349999999995,3574.985,53.5185,20.057299999999998,210115000,6512.055,6499.4349999999995,4017.545,3124.3550000000005,67.9372,29.1901,18.49705
2020-03-17,1,210127000,7148.07,4305.8550000000005,62.881150000000005,23.631050000000002,210109000,7918.5,7858.275,4836.81,3754.8450000000003,80.26670000000001,34.384150000000005,22.3681
2020-03-18,3,210123000,8680.61,5197.1900000000005,74.28915,27.86665,210101000,9488.975,9489.990000000002,5859.855,4524.37,95.39105,40.521550000000005,26.9064
2020-03-19,7,210118000,10547.550000000001,6280.9000000000005,88.20555000000002,32.8584,210092000,11387.150000000001,11399.7,7053.43,5458.735000000001,113.717,47.859750000000005,32.2336
2020-03-20,11,210112000,12788.800000000001,7590.485000000001,104.9845,38.83255,210081000,13448.25,13610.95,8453.815,6574.025,136.0655,56.62195,38.53365
2020-03-21,18,210105000,15403.85,9179.82,125.44800000000001,45.91415000000001,210069000,15806.550000000001,16111.25,10092.45,7888.895,162.9385,67.0429,46.061
2020-03-22,25,210097000,18526.1,11057.95,150.1945,54.3774,210054000,18297.7,18855.300000000003,11938.400000000001,9409.78,194.9315,79.73555,54.90950000000001
2020-03-23,34,210087000,22166.15,13291.150000000001,179.7795,64.60669999999999,210038000,21105.4,21884.25,14013.300000000001,11128.95,232.84,95.0232,65.4769
2020-03-24,47,210075000,26349.100000000002,15882.600000000002,215.519,76.91730000000001,210020000,23927,25193.95,16245.150000000001,13107.05,277.7075,113.29249999999999,78.06880000000001
2020-03-25,59,210062000,31116.15,18905.5,257.829,91.42160000000001,210001000,26717.850000000002,28564.7,18659.65,15192.300000000001,329.3195,135.0595,93.07730000000001
2020-03-26,77,210047000,36343.95,22320.15,308.1275,108.855,209980000,29259.600000000002,31866.4,21217.9,17491.9,387.866,160.52300000000002,110.9675
2020-03-27,93,210029000,42033.9,26209.45,367.01800000000003,129.7645,209957000,31652.15,35110.600000000006,23732.850000000002,19912.1,453.353,190.48000000000002,132.2285
2020-03-28,115,210010000,47882.950000000004,30375.4,435.50350000000003,154.60199999999998,209933000,33881.05,38171.850000000006,26174.5,22375.7,524.6469999999999,224.882,157.35
2020-03-29,139,209988000,53918.15000000001,34870.850000000006,512.941,183.827,209908000,35817.100000000006,40948.15,28563.850000000002,24825.95,602.8340000000001,263.3695,186.86700000000002
2020-03-30,166,209965000,60054.350000000006,39658.3,600.232,218.17200000000003,209882000,37616.65,43530.700000000004,30876.350000000002,27199.9,686.677,307.3985,221.6095
2020-03-31,202,209940000,65908.75,44522.55,697.7655,258.077,209856000,39245.3,45924.200000000004,33025.2,29495.9,774.4795,355.9945,262.023
2020-04-01,244,209915000,71500.25,49267.8,804.552,304.2765,209828000,40691.350000000006,48179,34946.95,31726.550000000003,865.52,408.8355,308.7845
2020-04-02,305,209888000,76585.55,54016.65,920.3990000000001,357.336,209800000,42271.55,50208.25,36766,33748.950000000004,958.366,466.91150000000005,361.99850000000004
2020-04-03,365,209860000,81449.85,58558.8,1042.81,417.697,209771000,43594.15000000001,52188.200000000004,38468.05,35638.95,1051.41,528.5944999999999,422.52
2020-04-04,445,209832000,85685.90000000001,62897,1172.71,485.87750000000005,209741000,45185.5,54241.8,40086.700000000004,37411.600000000006,1146.04,593.8765000000001,490.71000000000004
2020-04-05,496,209803000,89828.5,66841.8,1308.475,562.934,209709000,47002.4,56311.100000000006,41724.100000000006,39121,1239.64,662.61,567.0315
2020-04-06,569,209772000,93505.20000000001,70722,1447.5900000000001,648.119,209676000,49225.90000000001,58513.5,43417.7,40838.450000000004,1331.62,734.375,651.644
2020-04-07,691,209741000,97371.6,74414.05,1590.7800000000002,741.8865000000001,209640000,51470.95,61191.8,45245.350000000006,42554.15,1423.7600000000002,807.5375,745.1665
2020-04-08,826,209709000,101502,78114.6,1736.9850000000001,844.3395,209603000,54343.2,64140,47358.450000000004,44350.45,1514.2350000000001,883.2795000000001,847.8205
2020-04-09,959,209675000,105466,81710.8,1885.06,956.3900000000001,209564000,57457,67658.85,49570.9,46316.200000000004,1605.3400000000001,961.06,960.184
2020-04-10,1073,209639000,110086,85386.75,2037.455,1077.365,209521500,60982,71395.4,52014.5,48601.55,1698.0149999999999,1040.6350000000002,1081.94
2020-04-11,1141,209601500,115408.5,89432.40000000001,2191.7,1208.065,209475000,64718.350000000006,75592.8,54801.4,50867.450000000004,1793.8600000000001,1120.795,1213.39
2020-04-12,1237,209561000,121200,93773.90000000001,2350.9750000000004,1348.1150000000002,209427000,68967.1,80434.75,58021.40000000001,53648.45,1894.97,1203.51,1355.5700000000002
2020-04-13,1350,209518000,127787.5,98190.30000000002,2514.175,1498.51,209374000,73828.95000000001,85481.75,61743.8,56560.5,1999.565,1289.295,1507.6000000000001
2020-04-14,1557,209472000,135359.5,103311,2682.425,1659.64,209318000,79045.55,91079.9,65904.45000000001,60071.8,2114.125,1377.2849999999999,1669.255
2020-04-15,1760,209423000,144018.5,109027.5,2858.955,1831.14,209257000,84694.70000000001,97176.95000000001,70257.5,64072.200000000004,2235.7400000000002,1468.38,1842.82
2020-04-16,1962,209370000,153625,115671,3045.24,2014.64,209193000,90681.85,104079.5,74906.95000000001,68196.95,2368.29,1563.565,2027.1950000000002
2020-04-17,2173,209313000,164191,122781.5,3237.11,2208.565,209126000,96202.05000000002,111237.5,79937.35,72802.5,2513.49,1663.555,2222.6800000000003
2020-04-18,2375,209252000,175157,130725.5,3441.155,2415.065,209057500,101577.5,118283,85234.85,77616.85,2667.715,1769.37,2431.485
2020-04-19,2491,209187000,186909,139404,3658.91,2634.04,208986000,105802.5,123937,90531.8,82493.90000000001,2831.965,1881.3249999999998,2654.635
2020-04-20,2598,209118000,199915,148769,3895.36,2867.985,208911500,110813,130084,95655.80000000002,87710.95000000001,3007.2,1999.915,2891.425
2020-04-21,2772,209046000,212242,158291.5,4148.455,3117.505,208837000,115347,136197.5,100352,92770.9,3193.025,2126.92,3142.205
2020-04-22,2940,208972000,224185,168373,4414.865,3384.9300000000003,208759000,120436,142556,104640,97549.40000000001,3385.215,2261.54,3409.49
2020-04-23,3349,208893000,236014.5,178222,4697.82,3666.5,208672000,125436,149056,109573.5,101790.5,3589.045,2401.785,3692.6800000000003
2020-04-24,3722,208812000,247226.5,187676.5,4996.485000000001,3967.215,208582000,131197.5,155709,114896,106876.5,3799.7250000000004,2550.985,3992.1000000000004
2020-04-25,4074,208728000,258082,197305,5308.575000000001,4284.34,208488000,137899,163241.5,120167,112064,4013.3500000000004,2706.9750000000004,4310.28
2020-04-26,4301,208641000,269941,206952,5628.735000000001,4621.035,208390000,144410,170484,125494.5,117345,4230.9400000000005,2867.395,4650.3150000000005
2020-04-27,4606,208551000,281113.5,216902,5958.16,4979.645,208287000,149786,178894.5,131738.5,122848,4462.6,3039.8500000000004,5011.64
2020-04-28,5092,208456000,293758.5,226975,6301.385,5357.445,208179000,155609.5,186073.5,137820,128550.5,4700.145,3215.675,5391.98
2020-04-29,5534,208354000,307165.5,237511.5,6655.33,5760.28,208066000,161318,193141.5,143639.5,134611.5,4937.7,3397.86,5797.1500000000005
2020-04-30,5980,208251000,319474,247818.5,7027.535,6185.6849999999995,207948000,165999,200286.5,149071,140514.5,5180.125,3587.105,6221.79
2020-05-01,6438,208144000,332399.5,259077.5,7410.87,6634.865,207832000,171389,206640,154634.5,146224,5425.295,3783.275,6668.305
2020-05-02,6810,208032000,346466,270564,7801.370000000001,7104.825000000001,207714000,175102.5,212744,160000.5,151614.5,5670.485000000001,3988.13,7137.655000000001
2020-05-03,7073,207915500,359852.5,281934.5,8207.4,7602.514999999999,207595000,178617.5,218231,164612,156777,5926.7,4197.639999999999,7633.76
2020-05-04,7381,207797000,373481,293088,8618.920000000002,8121.405000000001,207476000,181593,222581.5,169091,161695.5,6181.5250000000005,4408.93,8156.130000000001
2020-05-05,7972,207675000,385097.5,303889,9053.285,8665.955,207360000,183138.5,226671.5,172573.5,165948.5,6429.68,4623.360000000001,8708.305
2020-05-06,8597,207553000,395349.5,314440.5,9497.345000000001,9241.74,207245000,183666,229854.5,175518.5,170019.5,6689.445,4844.285,9285.365000000002
2020-05-07,9273,207429000,404555.5,324186,9947.330000000002,9843.720000000001,207129000,184304,231392.5,177715.5,173385,6934.26,5069.6849999999995,9890.25
2020-05-08,10027,207308000,413181.5,333771.5,10388.650000000001,10473.5,207012000,185769,233135.5,179365,175941,7169.655000000001,5294.91,10519.5
2020-05-09,10695,207181000,421075,341913.5,10825.2,11129.75,206894000,185070,233999,181276,178005.5,7388,5522.02,11176.300000000001
2020-05-10,11172,207057000,425831.5,349379,11275.95,11811.150000000001,206780000,182305.5,232252.5,182826,179816.5,7601.4000000000005,5750.610000000001,11859.75
2020-05-11,11659,206932000,429688.5,355141,11709.7,12519.2,206670000,180663,231018.5,183050,181636.5,7789.625,5978.52,12573.75
2020-05-12,12503,206806000,433105.5,360176.5,12141.55,13256.850000000002,206561000,179061.5,229466,182034.5,182411,7965.25,6198.969999999999,13317.900000000001
2020-05-13,13281,206684000,435091,364153.5,12555.5,14024.2,206451000,177229.5,227786.5,179959,182282.5,8117.370000000001,6414.594999999999,14082
2020-05-14,14070,206562000,433259,366847.5,12957.95,14813.900000000001,206341000,175361,225649.5,178767,180817,8254.165,6613.375,14878.95
2020-05-15,14983,206440500,431753,369209,13342.800000000001,15627.5,206235000,173110,223226.5,177287,178916.5,8367.29,6814.945,15697.100000000002
2020-05-16,15702,206324000,429204.5,369740.5,13718.350000000002,16465.1,206126500,170581.5,221221,175589.5,177592,8473.76,7001.045,16536.100000000002
2020-05-17,16201,206204000,425779,368695.5,14060.400000000001,17329.75,206022000,168844,217953,173836,176363,8563.1,7177.6900000000005,17396.65
2020-05-18,16925,206090500,421108.5,367096,14374.35,18207.9,205918000,166856,215783,172019.5,175093.5,8607.865000000002,7337.13,18279.550000000003
2020-05-19,18073,205979000,416078,364873.5,14668.050000000001,19106.95,205810000,164930.5,213320.5,170432,173211,8650.96,7487.425,19177.800000000003
2020-05-20,19058,205865000,411204,361809,14935,20025.15,205709500,163990.5,210508,168560.5,171571.5,8679.5,7619.825000000001,20097.15
2020-05-21,20109,205756000,405021,357780.5,15177.95,20963,205611000,161800.5,208031,166439,169805.5,8698.94,7744.514999999999,21034.4
2020-05-22,21148,205647000,398560,354104.5,15395.800000000001,21910.2,205507500,159999.5,206414.5,164940.5,167600.5,8694.255000000001,7859.75,21986.6
2020-05-23,22196,205541000,393489,349770.5,15588.100000000002,22869.600000000002,205405000,159425.5,204456.5,163574,166067.5,8688.404999999999,7957.530000000001,22953.15
2020-05-24,22863,205434000,387872.5,345877,15749.900000000001,23844.7,205304000,159082,202884,162320.5,164573,8667,8037.715,23926.300000000003
2020-05-25,23590,205331500,383334,342541,15899.900000000001,24817.9,205205500,159338,202312,161058.5,163385,8644.165,8105.195,24910.15
2020-05-26,24642,205228000,378874.5,338451.5,16025.45,25803,205108000,158525,201913,160544.5,162087,8616.23,8164.54,25903.800000000003
2020-05-27,25705,205129000,375123,334474.5,16123.7,26797.15,205006500,157761.5,200718,159634,161047.5,8572.310000000001,8214.055,26901.300000000003
2020-05-28,26895,205029000,370906.5,330924,16195.55,27799.75,204900000,158377,200663,159000,160257.5,8542.305,8257.23,27909.600000000002
2020-05-29,28032,204931000,368217.5,328075,16256.650000000001,28801.300000000003,204798000,158633.5,200527,158115,159653,8504.945,8286.43,28918.800000000003
2020-05-30,28895,204829000,366181,325011.5,16315.850000000002,29805.300000000003,204698000,159830.5,201267.5,157913.5,158920,8470.490000000002,8309.075,29925.1
2020-05-31,29367,204726000,364109,321768,16352,30821.85,204596000,160397,201978,158114.5,158266.5,8441.09,8326.460000000001,30942.75
2020-06-01,30105,204623000,363124,319520,16389.5,31838.1,204493000,160405,203218,158600,158349,8408.83,8337.89,31962.75
2020-06-02,31473,204520000,362369,317738,16425.1,32851.75,204384000,161066,203442.5,159178.5,158786,8391.955,8345.77,32977.350000000006
2020-06-03,32667,204420000,361274,316661.5,16438.25,33867.3,204282000,161721,204312,159556.5,159200.5,8371.07,8347.77,33999.850000000006
2020-06-04,34152,204320500,361005,315450.5,16458.25,34883.600000000006,204171000,162804.5,204558,160465.5,159826.5,8351.86,8346.92,35023.350000000006
2020-06-05,35253,204218000,361240.5,314658,16463.7,35905.200000000004,204064000,163736,205879,161249.5,160106,8336.51,8347.05,36039.850000000006
2020-06-06,36054,204116500,362271,313892,16470.5,36924.7,203953000,164843,207126,161865,161119,8326.72,8350.535,37055.45
2020-06-07,36530,204015000,362997,313875.5,16468.5,37944.75,203849500,164885,208341.5,162656,161530.5,8333.235,8349.735,38078
2020-06-08,37393,203908000,363616.5,313555.5,16474.7,38953.65,203743000,164948,208762,163054.5,162335.5,8328.66,8345.154999999999,39092.75
2020-06-09,38586,203806000,363968,313163.5,16470,39974.950000000004,203639000,165175.5,209066,163689,162795,8322.470000000001,8346.145,40120.15
2020-06-10,39824,203701000,364297,314001.5,16468.5,40995.4,203535000,165384.5,208993,163845.5,163289.5,8326.09,8347.395,41144.3
2020-06-11,41092,203593500,365935.5,315024,16475.1,42016.850000000006,203429500,165006.5,209020,163825.5,163979.5,8346.895,8351.65,42159.90000000001
2020-06-12,41935,203489000,366891,315364,16482.95,43042.65000000001,203323000,165113.5,208863.5,164001.5,163835.5,8360.285,8354.115000000002,43172.600000000006
2020-06-13,42792,203389000,367789,315848.5,16495.800000000003,44063.5,203220000,165787.5,209461.5,164026,163956,8372.36,8352.895,44191
2020-06-14,43426,203284000,367781.5,316302,16496.95,45085.950000000004,203115500,166011.5,209780,164828,164201.5,8392.91,8357.44,45212.200000000004
2020-06-15,44190,203179000,367900.5,316339.5,16513.45,46106.65000000001,203011000,166404,210184.5,165626,164388,8409.355,8364.445,46233.65000000001
2020-06-16,45522,203078000,368077.5,316125,16531.15,47133.95,202910000,166266.5,210590,166291.5,165169,8424.27,8373.385,47243.75
2020-06-17,46707,202975000,368391,317383,16532.35,48154.850000000006,202801500,166755,210867,166492.5,166170,8433.27,8381.26,48268.55
2020-06-18,47946,202866500,369298,318086.5,16548.45,49190.40000000001,202692000,167248,211101.5,166569,166457.5,8445.720000000001,8390.34,49298.8
2020-06-19,49118,202760000,370219,318634.5,16560.85,50217.25,202588000,167355,211501.5,166956.5,166593,8464.015,8404.275000000001,50317.15
2020-06-20,50100,202653000,370152,319227,16570.35,51237.75,202481000,168088,211605.5,167274,166795,8473.885,8406.105,51352.7
2020-06-21,50709,202549500,370457,319748,16583.800000000003,52253.2,202370500,169033,212906,166666,167105.5,8479.165,8418.33,52381.200000000004
2020-06-22,51444,202448000,371607.5,320268,16594.35,53287.5,202260500,169374,213822,166683,167107,8487.905,8429.080000000002,53408.95
2020-06-23,52851,202340000,373020.5,320256,16603.95,54323.05,202153000,170581.5,214968.5,167809.5,167055.5,8499.575,8436.555,54437.350000000006
2020-06-24,53955,202232000,373403,321276.5,16628.1,55345.450000000004,202044500,171899,216351,168340.5,167420.5,8514.385,8451.335,55469.3
2020-06-25,55135,202124000,375534,322756,16663.25,56380.850000000006,201937500,172556,217360.5,169176,168070.5,8533.619999999999,8459.189999999999,56503.7
2020-06-26,56128,202016000,376984.5,324147,16686.9,57419.700000000004,201821500,173763.5,218236.5,170395,168817.5,8555.155,8470.619999999999,57540.25
2020-06-27,57159,201908000,378210,325209,16703.15,58450.350000000006,201706000,174470.5,219550.5,171272.5,169910,8585.905,8481.455,58578.3
2020-06-28,57742,201799000,379883,326274.5,16733.050000000003,59493.25,201598000,175006,220607.5,171928.5,170874.5,8617.314999999999,8497.02,59616.55
2020-06-29,58473,201688500,382234.5,327198.5,16763.7,60531.600000000006,201489000,174472,221493,172854,171662,8643.460000000001,8509.765,60643.9
2020-06-30,59791,201575000,384714.5,328118,16794.15,61575.9,201372500,175044,221237.5,173534,172378.5,8660.060000000001,8526.83,61678.850000000006
2020-07-01,60877,201464000,386095.5,329055,16830.85,62617,201263500,176406.5,221727,173700.5,173334.5,8675.605,8543.54,62717.350000000006
2020-07-02,62136,201357500,386829.5,330939.5,16860.75,63656.450000000004,201153500,176740,221530,173880,173392.5,8694.785,8565.29,63763.350000000006
2020-07-03,63349,201244000,387808,332501,16907.8,64706.700000000004,201039000,176054,223346,174616,173677.5,8721.285,8580.77,64810.2
2020-07-04,64410,201137000,389632,333231,16937.85,65746.55,200929000,174325.5,223169.5,174854,173925,8755.130000000001,8601.58,65863.95000000001
2020-07-05,64965,201024500,390177.5,334231.5,16981.75,66789.75,200823500,173533.5,221860.5,174774.5,174804.5,8798.2,8620.69,66901.70000000001
2020-07-06,65651,200916500,390701,335356.5,17018.25,67839.45000000001,200708000,172914.5,220846,174200,174705,8823.165,8643.150000000001,67959.6
2020-07-07,66952,200806000,389371,335899.5,17062.35,68895.05,200602500,171841,219889.5,173768,174310.5,8841.865,8661.23,69005.35
2020-07-08,68126,200698500,389054.5,336232.5,17094.300000000003,69942.55,200494500,170602,218906.5,172977.5,173928.5,8862.380000000001,8685.225,70064.90000000001
2020-07-09,69347,200592000,388251,336145,17117.9,70995.75,200388000,169864,217245.5,172114,173099,8875.39,8706.880000000001,71119.1
2020-07-10,70646,200488000,386002,335802,17150.4,72054.90000000001,200281500,167670,215909.5,171053.5,172553,8870.065,8723.29,72178.3
2020-07-11,71578,200381000,384059,335378,17173.95,73118.1,200172000,166237,214278,170059,171605,8861.310000000001,8751.7,73244.05
2020-07-12,72195,200274000,382019.5,334210,17221.9,74176.6,200066000,165105.5,212157.5,168739.5,170548.5,8852.09,8762.95,74306.45000000001
2020-07-13,73030,200170000,379222,332599,17232.6,75247,199965000,163898.5,209908.5,167211,169573,8832.195,8775.939999999999,75366.35
2020-07-14,74324,200063500,377233.5,330420,17248.95,76322.7,199864500,162350.5,208255,166332,167956.5,8811.085,8781.99,76442.05
2020-07-15,75602,199960000,375424,329219,17258.75,77398.85,199761000,161227,206957.5,164858.5,167197.5,8785.87,8779.494999999999,77502.65
2020-07-16,76902,199854000,372446.5,327569,17251.65,78461,199657500,159292.5,205489,163263,165774,8745.465,8782.970000000001,78576.85
2020-07-17,78026,199755000,369852.5,326073.5,17242.25,79517.75,199560500,158285.5,204248.5,162126,164239,8706.925,8775.845000000001,79643.75
2020-07-18,78870,199653000,367708.5,323947,17236.1,80587.15000000001,199461000,158004,201667.5,161115,163027,8669.775,8767.6,80719.8
2020-07-19,79578,199553500,365700.5,321680.5,17219.75,81651.45000000001,199364000,157091,201049.5,160366,162138,8634.395,8754.35,81791.8
2020-07-20,80346,199452500,362555,319042,17201.4,82725.75,199260000,156663,200259.5,158327,161054,8601.225,8736.18,82855.75
2020-07-21,81663,199352000,359575,316493,17168,83795.40000000001,199162500,156408.5,199644.5,157539.5,159737.5,8561.810000000001,8717.04,83918.25
2020-07-22,82959,199251500,356307,314330.5,17130.4,84856.90000000001,199063000,156511.5,199533.5,157108,158303,8510.994999999999,8694.225,84970.8
2020-07-23,84272,199156000,354169.5,312488.5,17097.95,85925.3,198966500,156036.5,199002.5,156708.5,157421,8465.465,8674.015,86019.95000000001
2020-07-24,85437,199055000,352571,310423.5,17061.15,86985.3,198867000,156594.5,198427.5,156121,157267,8432.035,8654.345000000001,87079.5
2020-07-25,86536,198959500,351028,308869,17017.7,88041.65000000001,198770000,156777.5,198582,155946.5,156781.5,8402.869999999999,8633.705,88150.45000000001
2020-07-26,87117,198860000,349655,307309,16958.850000000002,89089.75,198669500,156763,199146.5,156078.5,156490.5,8365.565,8604.345000000001,89206.3
2020-07-27,87802,198762000,348798,305360.5,16909.75,90147.4,198574000,156716.5,198998.5,156466.5,156256,8335.060000000001,8573.619999999999,90256.15000000001
2020-07-28,89037,198659500,347295.5,304290,16861.350000000002,91194.9,198478000,156767.5,198917.5,156455.5,156523.5,8314.32,8548.435000000001,91301.15
2020-07-29,90259,198565000,347256.5,302617,16813.45,92234.65000000001,198374500,156069,198922,156339.5,156678.5,8289.36,8516.39,92345.3
2020-07-30,91461,198467500,346673.5,301511.5,16765.65,93278.85,198276000,155580.5,198561.5,156645.5,156477,8274.46,8486.58,93375
2020-07-31,92727,198372500,345176,301120.5,16717.45,94322.45000000001,198176000,154947.5,197596.5,156077.5,156431.5,8259.255000000001,8459.555,94412.75
2020-08-01,93668,198272500,344713.5,299884,16667.75,95356.90000000001,198081500,155351.5,196644,155516.5,156395.5,8235.69,8431.8,95441.55000000002
2020-08-02,94193,198175500,343819,299721.5,16613.95,96387.3,197984500,153536,196120,154531,156009.5,8213.69,8410.545,96479.85
2020-08-03,94794,198080000,342500.5,298780,16557.95,97412.70000000001,197883000,151041,194656,153908.5,155115.5,8190.8150000000005,8389.685000000001,97503.15000000001
2020-08-04,96152,197986000,340670,297599,16496.85,98436.55,197790000,148501.5,192265,152990,154202.5,8164.75,8368.305,98523.05
2020-08-05,97519,197891500,338486.5,296395,16447.45,99448,197697000,146654.5,189507.5,151467.5,152872,8148.57,8343.635,99535.90000000001
2020-08-06,98744,197799000,335977.5,295113.5,16393.2,100463,197607000,144098.5,186685.5,149656,152074.5,8119.84,8317.855,100547
2020-08-07,99830,197706000,333313,293176,16337.8,101479,197516000,141752,184212.5,147756.5,150562.5,8083.9400000000005,8289.215,101566.5
2020-08-08,100648,197619000,329770.5,290585,16279.800000000001,102490,197431000,138931,181336,145658,148681.5,8046.450000000001,8264.205,102577.5
2020-08-09,101226,197529000,325830.5,287535.5,16215.800000000001,103494,197339000,136253.5,178096.5,143361,146830.5,8002.005,8238.154999999999,103591.5
2020-08-10,102009,197442000,321519.5,285437,16143.2,104498,197260500,133448,174844.5,140687,144533,7945.82,8209.67,104593.5
2020-08-11,103209,197358000,316915,282072,16077.5,105497.5,197180500,129923.5,171280,137913,142255.5,7884.08,8175.91,105599.5
2020-08-12,104361,197278000,311424,278499,16001.5,106492.5,197101500,126537,167025.5,135251.5,139345,7818.915000000001,8136.99,106596
2020-08-13,105635,197193000,306094.5,274530.5,15919.400000000001,107475,197021500,123874,163049.5,132363.5,136833,7743.95,8098.195,107579.5
2020-08-14,106642,197115500,300105,270182,15822.400000000001,108447.5,196950000,121172.5,159603,129182,133946.5,7662.415,8051.075000000001,108564
2020-08-15,107364,197034000,293796.5,265963.5,15719.800000000001,109420.5,196876500,118831.5,155899,126236,130963.5,7570.745,8002.344999999999,109538
2020-08-16,107951,196962500,287055.5,261726.5,15600,110394.5,196805500,116161,153181.5,123706.5,127928,7472.82,7949.49,110509.5
2020-08-17,108747,196888000,280921.5,256358.5,15494.45,111360,196738500,113901,149802.5,120905.5,125277.5,7368.960000000001,7890.415,111476.5
2020-08-18,110099,196815000,275270,250782.5,15357.650000000001,112318.5,196671000,112380.5,146943.5,118471.5,122569,7263.87,7828.34,112432.5
2020-08-19,111263,196745000,269004,245585,15225.6,113255,196604500,110276.5,144502.5,116145,120126.5,7149.43,7755.945,113388
2020-08-20,112499,196670500,264327,240466.5,15077.75,114199.5,196534500,108959,142027.5,114221,117722.5,7038.985000000001,7679.415,114327
2020-08-21,113551,196601000,259836.5,235770.5,14924.150000000001,115125,196466000,108405,139907.5,112226.5,115566,6919.299999999999,7602.375,115264
2020-08-22,114378,196535000,254592,230703.5,14769.7,116050,196401000,108427.5,138709,110779,113716,6809.725,7517.785,116187.5
2020-08-23,114834,196472000,250027.5,226613.5,14614.300000000001,116950.5,196333000,107848.5,137824,109749,111863,6699,7428.905000000001,117099
2020-08-24,115551,196405000,246056,223016.5,14447.800000000001,117851.5,196266500,107633,136968.5,109452.5,110517.5,6590.72,7340.605,118002
2020-08-25,116760,196342000,241975.5,219248.5,14281.7,118744.5,196196000,107228.5,136445,108664.5,109987,6484.07,7249.1849999999995,118884.5
2020-08-26,117839,196282000,238556.5,215467,14115.25,119616.5,196129000,107591,136284.5,108257,109494.5,6386.59,7155.85,119767
2020-08-27,118824,196217000,235879.5,212387.5,13938.75,120486.5,196062000,107835,136208,108217.5,108912,6290.75,7059.255,120629.5
2020-08-28,119673,196153500,234369.5,209574,13765.5,121338,195993500,108184.5,136490,108182.5,108578,6204.695,6971.3150000000005,121487.5
2020-08-29,120570,196093000,232919.5,207120,13591.3,122179,195926500,109290,137641,108444,108546.5,6129.33,6877.110000000001,122326
2020-08-30,120971,196030500,232044.5,204834.5,13430.300000000001,123008.5,195855000,110747.5,138668.5,108950,108673,6062.389999999999,6786.98,123162
2020-08-31,121618,195962500,231459,203259,13274.75,123842.5,195779000,112368,139888.5,109692.5,108929,6005.975,6698.8,123993
2020-09-01,122768,195897500,231619.5,202609,13117.85,124653.5,195701500,113488,141699,110456,109444.5,5956.1,6622.08,124820.5
2020-09-02,123972,195829500,231773,202429.5,12965.95,125468,195627000,114033.5,142968.5,111067.5,110312.5,5922.985000000001,6538.8,125626.5
2020-09-03,124839,195760000,232807.5,202379.5,12827.300000000001,126256,195553500,114323,143671.5,111907.5,110861.5,5891.450000000001,6466.860000000001,126419
2020-09-04,125688,195689500,234039,202279,12694.2,127048,195479500,114556.5,144071,112386,111617.5,5867.145,6402.005,127209.5
2020-09-05,126292,195624000,235118.5,202897.5,12571.6,127840,195407000,113952.5,144495.5,112963.5,112163.5,5854.155000000001,6340.18,127985.5
2020-09-06,126736,195554000,236721,203534,12460.7,128615,195337500,113565,144170.5,113260.5,112776.5,5844.41,6284.01,128753
2020-09-07,127070,195484500,237640.5,204224.5,12360.5,129392.5,195264500,112639.5,143750,113099.5,112896,5840.780000000001,6235.915,129513.5
2020-09-08,127584,195413000,237799,205076,12270.6,130164.5,195196000,111318,143042,112782.5,112968.5,5836.07,6190.78,130278.5
2020-09-09,128752,195348000,238764.5,205624,12176.050000000001,130919,195126500,110225,141532,112023.5,112647.5,5827.844999999999,6150.1900000000005,131032
2020-09-10,129726,195282000,238464,205937,12094.75,131668.5,195056000,108244.5,139939.5,111025.5,112126.5,5816.73,6111.095,131776.5
2020-09-11,130574,195213500,237895,205860.5,12018,132419,194988500,106448.5,137871.5,110034.5,111517,5813.2300000000005,6082.005,132516
2020-09-12,131341,195148000,237024,205647,11943.6,133162.5,194928000,104220,135837,108470.5,110358,5801.844999999999,6048.05,133253
2020-09-13,131746,195079000,235071.5,204797,11873.7,133898.5,194869500,101792.5,133232.5,106985.5,109074,5779.610000000001,6019.52,133993
2020-09-14,132204,195016500,232690,203443,11804.2,134637.5,194802000,99523.75,130449.5,105487,107664.5,5756.710000000001,5993.25,134729
2020-09-15,133286,194953000,229494.5,202186,11740.1,135371.5,194746500,97141.5,127617,103625,106217,5722.219999999999,5964.135,135453
2020-09-16,134248,194891500,226133.5,200635.5,11667.95,136100.5,194690000,94579.1,124873.5,101587,104536,5679.31,5931.955,136178
2020-09-17,135117,194827000,222667.5,199077,11598.5,136821,194633000,92165.3,121435.5,99151.30000000002,102446.5,5638.135,5901.370000000001,136902
2020-09-18,135945,194771000,219489,196800,11524.75,137547,194580500,89908.70000000001,118535.5,96574.75,100586.5,5590.77,5868.98,137628
2020-09-19,136626,194712000,215518.5,194029,11450.1,138261.5,194527500,87665.20000000001,115575.5,94232.70000000001,97937.35,5534.585,5835.3,138340.5
2020-09-20,136977,194658000,211862,190878.5,11377.800000000001,138971.5,194478500,85380.65000000001,112866.5,92054.55,95606.55,5473.42,5795.860000000001,139056
2020-09-21,137443,194609000,207463,187361.5,11289.5,139677,194429500,82905.40000000001,110110,89918.40000000001,93254.85,5407.995000000001,5752.17,139765.5
2020-09-22,138237,194553000,202218,183977,11196.300000000001,140383.5,194384000,80777.65,107057.5,87546.5,91192.5,5335.4,5707.37,140458.5
2020-09-23,139169,194498500,196898,180111.5,11103.5,141089,194333500,78507.75,103937.5,85316.45000000001,89008.85,5257.014999999999,5659.77,141150.5
2020-09-24,139964,194448500,191794.5,175999,10999.7,141772.5,194291000,76514.4,101223.5,82998.80000000002,86658.90000000001,5173.24,5609.27,141837
2020-09-25,140786,194405500,187084.5,171644.5,10889.6,142443.5,194247000,74543.35,98916.9,80902.30000000002,84410.1,5087.075000000001,5552.6,142514
2020-09-26,141508,194361500,182164.5,167694.5,10776.2,143117.5,194204500,72755.8,96207.5,78822.15000000001,82204.8,4996.01,5494.49,143184.5
2020-09-27,141845,194318500,176771.5,163426.5,10651.350000000002,143777,194163000,70803.45,93789.45000000001,76679.95000000001,80149.15000000001,4905.99,5431.535,143850
2020-09-28,142238,194275000,171682,159238.5,10520.5,144431,194119500,69321.15,91544.55,74749.95,78030.1,4805.514999999999,5366.09,144517.5
2020-09-29,143096,194232500,166572.5,154917,10381.300000000001,145076.5,194083000,67848.05,89318.15,72977.9,76015.65,4699.525,5299,145170
2020-09-30,143964,194190000,161796,150898,10240.45,145713,194043000,66869.75,87378.70000000001,71364.15,74211.25,4601.72,5224.595,145817
2020-10-01,144851,194148000,156883,147068.5,10095.75,146336.5,194002000,65463.700000000004,85617.95000000001,69571.3,72509.55,4507.51,5151.945,146438.5
2020-10-02,145504,194110000,152507,142769.5,9950.85,146968,193963000,64503.75,83946,67931.3,70792.95000000001,4416.405000000001,5075.780000000001,147068
2020-10-03,146093,194071500,148894,138826.5,9796.4,147573.5,193925000,63350.8,82503,66948.1,69085,4318.895,4998.695,147680
2020-10-04,146451,194039000,145083,134995,9637.61,148170.5,193882500,62348.65,81213.45000000001,65776.35,67550.85,4229.88,4918.18,148289
2020-10-05,146844,194003000,141766.5,131521,9480.84,148761,193843000,61064.05,79617.90000000001,64601.90000000001,66460.75,4144.305,4834.465,148877.5
2020-10-06,147654,193968500,138242.5,128046.5,9324.215,149346,193804500,59619.55,77918.35,63423.200000000004,65357.95,4064.32,4752.73,149458
2020-10-07,148379,193933000,135176.5,125194.5,9163.19,149923,193768000,58507.350000000006,76626.3,62016.600000000006,64101.100000000006,3982.0950000000003,4669.13,150031
2020-10-08,149114,193896000,132513.5,121994.5,9003.400000000001,150486.5,193732000,57548.8,75054.70000000001,60723.65,62790.850000000006,3905.0150000000003,4584.35,150597
2020-10-09,149768,193861500,130205.5,119180,8841.715,151028.5,193692500,56722.15000000001,73782,59460.8,61588.90000000001,3824.285,4503,151147.5
2020-10-10,150302,193828500,127661,116895.5,8687.630000000001,151569.5,193661000,55785.5,72841.35,58469.8,60283.100000000006,3746.3199999999997,4420.3150000000005,151692.5
2020-10-11,150580,193797500,125503.5,114827,8529.400000000001,152104.5,193623000,55001.75,71556.65,57533.65000000001,59144.4,3670.475,4336.835,152224
2020-10-12,150774,193764500,123426.5,112816.5,8373.945,152644,193591000,54050.8,70403.15,56555.350000000006,58182.700000000004,3594.965,4259.74,152747.5
2020-10-13,151152,193735000,121116.5,110578.5,8217.220000000001,153166,193556500,53425.7,69540.70000000001,55708.15000000001,57246.05,3522.865,4178.005,153258.5
2020-10-14,151884,193705000,119064.5,108688.5,8069.6050000000005,153669,193522000,52733.15,68443.45000000001,54870.15000000001,56285.600000000006,3454.505,4099.530000000001,153764.5
2020-10-15,152698,193677500,117168.5,106687.5,7924.29,154160,193487500,52450.05,67576,54107.3,55476.75,3390.025,4024.375,154265
2020-10-16,153341,193647500,115636,104863.5,7785.165000000001,154649,193454000,52617.850000000006,67045.70000000001,53459.3,54652.850000000006,3326.875,3947.915,154751
2020-10-17,153756,193615500,114322.5,103430.5,7642.040000000001,155126,193417500,52673.700000000004,66865.25,53010.3,53980.25,3266.94,3873.9700000000003,155224.5
2020-10-18,153991,193583500,113340,101955,7506.0599999999995,155596.5,193384000,52660.25,66808.75,53050.4,53491.3,3209.6150000000002,3803.375,155693
2020-10-19,154317,193551000,112538,100562.5,7373.445,156054,193353000,52892.75,66856.75,52887.700000000004,53136.200000000004,3158.87,3733.9300000000003,156158.5
2020-10-20,154965,193520000,111693.5,99330.55,7245.73,156505,193315500,53493.350000000006,67037.45000000001,52840.25,53221.8,3109.8,3665.245,156604.5
2020-10-21,155535,193491500,111022,98445.6,7124.76,156943,193281500,54373.15000000001,67913.6,53092.600000000006,53141.90000000001,3069.005,3600.155,157047.5
2020-10-22,156041,193463000,111039,97752.20000000001,7007.74,157381,193243000,55534.350000000006,68962.9,53300.8,53164.7,3030.295,3536.9300000000003,157483.5
2020-10-23,156604,193432000,111320,97411.20000000001,6896.5599999999995,157807,193207000,57115.65,70267.65,53926.25,53386.65,2995.5150000000003,3476.58,157908
2020-10-24,156991,193399500,111900.5,97216.55,6788.01,158231.5,193168000,58822.8,72106.5,54948.350000000006,53806.75,2969.7200000000003,3418.61,158338.5
2020-10-25,157192,193367000,113188.5,97336.85,6690.235000000001,158651,193128000,61163.5,74272.15,56165.100000000006,54719.05,2949.035,3367.36,158755.5
2020-10-26,157526,193329500,114833,97940.45000000001,6595.415000000001,159059,193086500,63669.950000000004,76723.25,57716.8,55896.950000000004,2939.2200000000003,3319.06,159168.5
2020-10-27,158052,193293500,117738,98791.85,6514.620000000001,159457,193042000,66859.45000000001,79423.75,59554.5,57150.100000000006,2937.25,3274.53,159575
2020-10-28,158556,193257000,121367,100252,6440.0650000000005,159860.5,192996500,70065.85,83546.45000000001,61797.15000000001,58912.40000000001,2945.3100000000004,3234.2799999999997,159962.5
2020-10-29,159107,193219000,125022.5,102268,6379.1900000000005,160256,192948000,73451.70000000001,87315.1,64805.25,61031.350000000006,2963.2200000000003,3202.5950000000003,160356.5
2020-10-30,159680,193177000,129357.5,104928.5,6323.530000000001,160646,192897000,77066.95000000001,91241.1,67529.5,63528.25,2989.525,3176.8050000000003,160740.5
2020-10-31,159972,193133000,134718,108285,6284.405000000001,161031,192841000,80642.45000000001,95533.90000000001,70506.05,66362.90000000001,3026.0950000000003,3159.135,161127
2020-11-01,160175,193087000,140941.5,112159.5,6251.195,161420,192784000,83999.75,99789.5,73643.3,69077.8,3078.41,3145.54,161511.5
2020-11-02,160339,193037000,147937.5,116421.5,6234.825,161806.5,192725000,86782.55000000002,103992.5,76849.7,72092,3140.61,3143.5150000000003,161898
2020-11-03,160628,192982500,155356,121374,6236.085000000001,162190.5,192670000,88661.65000000001,107481,80170.20000000001,75188.95000000001,3212.19,3150.79,162282
2020-11-04,161246,192927000,163183.5,126762,6250.915000000001,162582.5,192608000,91202.6,110543.5,83074,78270.8,3292.9700000000003,3166.4849999999997,162671.5
2020-11-05,161849,192871000,170755.5,132649.5,6287.095,162967.5,192546000,92796.1,113237,85616.65,81382.30000000002,3382.665,3185.4750000000004,163058
2020-11-06,162120,192817500,178683.5,138333,6339.625,163352.5,192490000,93193.40000000001,115455.5,87651.55000000002,83954,3476.875,3216.38,163448.5
2020-11-07,162348,192765500,186056,144588,6406.255,163745.5,192430000,93391.6,116639.5,89270.3,86218.05,3575.69,3251.75,163834.5
2020-11-08,162538,192704000,192608,150554.5,6485.175,164142,192371000,93260.40000000001,117224,90414.70000000001,88044,3676.295,3292.105,164230.5
2020-11-09,162724,192637500,197818.5,155867,6582.880000000001,164550,192308500,93064.45000000001,117420.5,91253.70000000001,89251.5,3772.9300000000003,3342.285,164635.5
2020-11-10,162922,192578000,201589.5,160985,6690.2750000000005,164962,192251500,92257,116780,92026.70000000001,90489.20000000001,3870.4300000000003,3397.405,165042.5
2020-11-11,163496,192516500,204471.5,165337.5,6803.22,165378,192189000,92361.45000000001,116640,92237.1,91368.5,3958.915,3457.995,165466
2020-11-12,164429,192456000,206603.5,168771.5,6923.585,165801,192127500,92393.80000000002,117343,92155.20000000001,91870.75,4042.355,3522.3,165893.5
2020-11-13,165005,192397000,207742,171534,7046.585,166230.5,192059500,93465.5,117352.5,92180.30000000002,92191.8,4118.54,3584.785,166325.5
2020-11-14,165739,192335500,208552,174023.5,7170.8550000000005,166675.5,191993000,94647.05000000002,118404.5,92215.75,92247,4186.495,3650.76,166772.5
2020-11-15,165879,192275000,209372.5,176278.5,7297.46,167120,191933500,95986.9,119549,93061.15,92516.20000000001,4252.34,3716.045,167222.5
2020-11-16,166135,192216000,211053.5,177848.5,7422.17,167577.5,191863500,97955.05,121190,93881.95000000001,92924.9,4313.969999999999,3783.825,167682.5
2020-11-17,166814,192145500,213082,179484.5,7541.235000000001,168050.5,191794000,100302.5,123523.5,95003.55000000002,93614.15000000001,4375.3150000000005,3847.98,168154.5
2020-11-18,167568,192084000,215520,181667,7662.465,168529.5,191724000,102707.5,126277.5,96472.25,94725.65000000001,4431.235000000001,3910.955,168637
2020-11-19,168218,192015500,218694,183799.5,7778.875,169006,191651000,104815,128959,98381.30000000002,96067.55,4487.725,3973.915,169113.5
2020-11-20,168731,191953500,222264.5,186183,7898.1849999999995,169498.5,191583000,107519.5,131541.5,100494.5,97763.05,4547.68,4038.73,169605.5
2020-11-21,169088,191888500,226377.5,188885,8014.51,169986,191513000,109969.5,134994.5,102624.5,99756.05,4609.24,4101.32,170095.5
2020-11-22,169266,191819000,230544.5,191221,8130.9800000000005,170481.5,191436500,112498,138262,104915,101649.5,4677.76,4163.52,170600.5
2020-11-23,169621,191748500,234990.5,194533,8251.645,170995.5,191366000,114915.5,141191.5,107422,104016,4747.995,4229.4800000000005,171123
2020-11-24,170248,191671500,240142,198083.5,8378.895,171504,191287000,117498.5,144222.5,109686,106259.5,4827.63,4291.139999999999,171634.5
2020-11-25,170870,191590500,246160,202247,8510.515,172028.5,191209500,120095,147233.5,111986,108604,4912.360000000001,4357.305,172157.5
2020-11-26,171581,191517000,251566,206318.5,8642.585,172559.5,191136500,121830.5,149830,113995,110768.5,5008.99,4427.639999999999,172693
2020-11-27,172140,191436500,257006,210614.5,8787.07,173098,191055000,122511,151968.5,116188,112986.5,5098.015,4495.405000000001,173236.5
2020-11-28,172684,191355000,262426.5,215131.5,8933.68,173643,190972000,122902,153554.5,117931,114825.5,5192.389999999999,4569.3150000000005,173798
2020-11-29,172917,191274000,267374,219774,9087.849999999999,174209,190893500,124421.5,154868,119260,116814.5,5282.455,4647.99,174361.5
2020-11-30,173268,191193000,271142,223714.5,9241.455,174778.5,190818500,124796,156514.5,121013.5,118287.5,5378.540000000001,4729.17,174932
2020-12-01,173953,191113000,274829.5,227631.5,9404.285,175360.5,190742500,124307.5,157312,122311,119834,5469.165,4808.575000000001,175511
2020-12-02,174630,191031500,278179,231346,9558.765,175946,190666500,123216.5,156824,122587.5,121618.5,5557.645,4890.97,176104
2020-12-03,175393,190952000,280161.5,234454,9724.36,176537.5,190592000,121560.5,155947.5,122618.5,122191.5,5634.165000000001,4969.59,176700
2020-12-04,176070,190874000,280748.5,236688.5,9890.895,177139,190515000,119964.5,154692.5,122205,122225.5,5705.635,5050.845,177311.5
2020-12-05,176718,190791500,281056.5,238644,10048.75,177745,190441000,117602,152852,121204.5,122073,5770.860000000001,5132.31,177926.5
2020-12-06,177057,190710000,280189.5,239658,10192.900000000001,178371.5,190371500,115519,149533,120149.5,121554.5,5824.46,5209.24,178549
2020-12-07,177482,190635000,279160,240137,10345.300000000001,179007.5,190297500,113877,147345,118934.5,120506,5863.675,5280.415000000001,179189
2020-12-08,178280,190558000,277925,240463,10486.300000000001,179656,190225000,112175.5,145454.5,117317,119703,5894.15,5351.0650000000005,179826.5
2020-12-09,179132,190482000,276416,239872,10612.35,180311,190154000,110880,143593.5,114981.5,118231.5,5913.8150000000005,5412.870000000001,180482
2020-12-10,179902,190406000,272979.5,238929,10734.95,180972.5,190085000,110091.5,141765,113676,116116.5,5927.89,5471.120000000001,181145
2020-12-11,180562,190333500,269972.5,237526.5,10843.45,181637.5,190013000,109477.5,140855,112481.5,114552,5928.795,5525.360000000001,181820.5
2020-12-12,181241,190262500,266495.5,235387.5,10935.85,182313.5,189947500,109286,140269.5,111406.5,113518.5,5922.82,5571.93,182495.5
2020-12-13,181536,190190500,263217,233267.5,11013.05,183006,189869000,109741,139769.5,110445,112266,5907.85,5611.655000000001,183170.5
2020-12-14,182049,190114500,260092.5,230826.5,11083.300000000001,183694,189800500,110768.5,140433.5,110227.5,111422.5,5889.195,5642.870000000001,183855.5
2020-12-15,182983,190042500,257634.5,228637.5,11136.75,184391,189723000,112229,141323,110396.5,110858,5871.6500000000005,5673.4,184537.5
2020-12-16,183924,189977000,255898,226524.5,11185.45,185087.5,189646000,114296,142894.5,111071,110897.5,5858.125,5694.295,185219.5
2020-12-17,184985,189905500,254746.5,224571.5,11228.85,185786,189572500,117555,145113,112052.5,111317.5,5839.2300000000005,5714.59,185918
2020-12-18,185802,189833500,253572.5,223372,11259.45,186492,189481500,121493,148447,114010.5,112190.5,5823.66,5727.115,186616
2020-12-19,186461,189766000,254795.5,223105,11290.25,187192,189399000,126120,152943.5,116423,113775.5,5817.775,5739.755,187311
2020-12-20,186879,189690500,257468.5,223221.5,11317.45,187875.5,189309500,132231,158514,119450,115786.5,5825.35,5751.245000000001,188007.5
2020-12-21,187441,189612500,261959.5,224370,11352.5,188572.5,189212500,139256.5,164810,123370.5,118407,5854.535,5765.085,188707
2020-12-22,188410,189524500,267676.5,226320.5,11375.550000000001,189285,189115500,146035.5,172004,127897,122197,5895.23,5784.305,189413
2020-12-23,189375,189437000,276148,229727.5,11420.25,189989,189014500,151901.5,180396.5,133221,126261,5953.07,5803.27,190123.5
2020-12-24,190135,189352000,285340,234378.5,11461.95,190687.5,188903500,157557,187945,139125.5,130911.5,6028.925,5824.52,190840.5
2020-12-25,190617,189259000,296247,239996,11531,191405,188793500,163827.5,195615,145699.5,136071.5,6124.225,5852.96,191549.5
2020-12-26,190913,189156500,308040.5,247184.5,11611.800000000001,192133.5,188682000,170045,203381,151790,142125,6246.485000000001,5893.18,192266
2020-12-27,191250,189056000,320646.5,255412,11714.650000000001,192862.5,188561500,175624,211436.5,157961,148740,6388.425,5943.255,192982
2020-12-28,191788,188952500,333585.5,265147.5,11829.45,193591.5,188451000,180621.5,218259,163627.5,154813.5,6555.81,6003.6,193698
2020-12-29,192839,188846500,347645.5,275406.5,11965.75,194324,188335500,183858,223899.5,168685.5,160416,6723.07,6075.6050000000005,194432.5
2020-12-30,194056,188734500,361978,285607.5,12124.2,195073,188217500,186130.5,228540,173519,165685,6910.200000000001,6167.0650000000005,195174.5
2020-12-31,195072,188619000,373971,296020,12312.75,195835,188101000,187130,231966,177463.5,170471.5,7101.710000000001,6258.445,195919.5
2021-01-01,195541,188501500,386355.5,306181,12529.45,196608,187981500,187506.5,233749.5,180528.5,174568.5,7296.24,6367.865,196692
2021-01-02,195834,188372000,395117.5,316501,12765,197391.5,187862500,187177.5,235775,182100.5,178010.5,7492.575,6485.700000000001,197472
2021-01-03,196145,188243000,404199.5,325764.5,13019.5,198194.5,187745000,186370.5,236016.5,183446,180543,7687.3,6613.66,198267
2021-01-04,196741,188125000,410702.5,334487,13284.45,199015.5,187624500,185565.5,235663.5,184154.5,182118.5,7868.115,6745.745000000001,199070
2021-01-05,197930,188004000,415690.5,341345.5,13558.550000000001,199839,187504500,184368,234881,184358.5,183133,8047.625,6885.415,199898
2021-01-06,199161,187875500,418466.5,347444,13835.45,200678,187387000,181656,233544.5,184018,183519,8206.985,7026.875,200749
2021-01-07,200678,187763500,420410,351786.5,14102.45,201540,187275000,179282,231388,183128.5,183659,8348.560000000001,7171.9,201611
2021-01-08,201760,187640500,421183.5,354899.5,14370.55,202419,187160000,179265.5,229856.5,182210.5,183098.5,8470.785,7316.125,202502.5
2021-01-09,202769,187518000,420774.5,357920.5,14629.5,203317,187048000,178564.5,228572.5,181294,182752.5,8581.79,7455.455,203417
2021-01-10,203259,187405000,419343.5,359365,14889.05,204235,186937500,176622,226921.5,180617,181684.5,8667.53,7594.43,204350
2021-01-11,203749,187291000,416923.5,359761.5,15133.45,205182,186831500,175854,225535,179595,181201,8743.85,7719.5650000000005,205278.5
2021-01-12,204875,187177000,414240.5,359345.5,15352.2,206123.5,186728000,174609,223901,178809,180274.5,8797.86,7840.07,206241
2021-01-13,206139,187063500,413059.5,358729,15564.25,207082,186617500,172576,222069.5,177553.5,179240.5,8842.740000000002,7952.55,207211
2021-01-14,207293,186948500,411580,357533.5,15761.05,208048.5,186510500,171456,219981,176092,178492.5,8868.93,8056.635,208193
2021-01-15,208428,186833000,408117,356238.5,15947.95,209029,186404000,170253.5,218054,174413,176748,8892.470000000001,8155.52,209180.5
2021-01-16,209442,186721500,405582,354842,16110.1,210020,186297000,168108,216311.5,172825.5,175482.5,8906.725,8242.82,210171
2021-01-17,209993,186620000,402215.5,352921.5,16262.35,211027.5,186187000,166740,213986.5,171387.5,173849,8912.43,8317.25,211184.5
2021-01-18,210469,186510000,398121.5,350698,16400.050000000003,212039.5,186084500,165275,212648,169779,172112.5,8906.29,8385.175,212204
2021-01-19,211629,186400000,394767.5,348102.5,16529.7,213052.5,185975000,163837,211017,168089,170648.5,8889.33,8444.465,213211.5
2021-01-20,213024,186293500,390886,344818.5,16632.75,214078,185877000,163358.5,209458,167030,168927.5,8872.01,8494.53,214258
2021-01-21,214371,186189500,386787.5,341409,16729.1,215113.5,185776500,162275,208002.5,165852.5,167804,8842.77,8533.425,215296
2021-01-22,215435,186087500,382485,338718.5,16808.35,216157,185674000,161444,206721,164531.5,166798,8822.035,8570.740000000002,216346.5
2021-01-23,216587,185980500,378904,336315,16864.85,217204,185562000,161398,206385.5,163058,165526.5,8797.24,8598.975,217390.5
2021-01-24,217182,185877500,375451.5,333292,16912,218245,185458000,160780,205455.5,162223,164261.5,8761.744999999999,8620.470000000001,218434
2021-01-25,217872,185773000,371969.5,330043,16942.4,219289.5,185354000,160865.5,204541,161563.5,162892,8719.585,8632.625,219503
2021-01-26,219027,185670000,369240.5,326966,16961.800000000003,220351,185253500,160549,204375.5,160853,162099.5,8680.245,8639.075,220562.5
2021-01-27,220363,185568500,366969.5,324540.5,16969.75,221405.5,185154000,160577.5,204134,160311.5,161576,8640.380000000001,8643.44,221600.5
2021-01-28,221801,185463000,364382,322011.5,16969.45,222462.5,185047000,161441,204225,160066.5,161103.5,8591.64,8643.494999999999,222672
2021-01-29,222888,185361500,363111.5,320017,16973.35,223512.5,184941000,161795,204749,160215,160662.5,8552.35,8641.01,223740
2021-01-30,224079,185263000,361532,318417,16959.7,224561,184835000,163136,205191.5,161169.5,160638,8530.635,8632.195,224792.5
2021-01-31,224646,185156500,361695.5,317065.5,16942.4,225619,184733000,164648,206843.5,161563,161263,8500.785,8626.34,225845.5
2021-02-01,225271,185051000,362970.5,315775,16936.7,226679,184625000,166792,208936.5,162463,161797,8476.405,8615.61,226895.5
2021-02-02,226532,184939500,364431,315538.5,16912.050000000003,227736,184515000,169256,211374.5,163846,162572,8466.53,8603.345000000001,227932.5
2021-02-03,227730,184835000,366706.5,315990.5,16887.5,228787,184408000,171977,214061,165372,163642,8452.83,8589.34,228977.5
2021-02-04,229007,184735500,368628,317046.5,16876.550000000003,229822,184292500,174742.5,217057.5,167392.5,165190.5,8446.425,8575.495,230029.5
2021-02-05,230258,184622500,370749,317557.5,16864.05,230868,184174000,178360.5,220635,169267.5,167030,8464.665,8550.210000000001,231081
2021-02-06,231195,184514000,374126,319920.5,16866.100000000002,231909.5,184055500,182106,225020,172200,168811,8489.585,8537.95,232124.5
2021-02-07,231684,184399500,379638,322292,16865.45,232956.5,183937500,186857.5,229630,175100.5,171032,8525.505000000001,8534.805,233161
2021-02-08,232405,184287500,385156.5,325167,16880.05,233995,183804000,195048,235388.5,178599.5,174020.5,8558.875,8535.675,234199.5
2021-02-09,233720,184165500,393084,328926.5,16901.15,235040.5,183665500,201275.5,243709,182909,177217,8624.205,8548.685,235239
2021-02-10,235081,184048500,399881.5,334180.5,16938.800000000003,236081.5,183518000,207745,251580,188763,181067,8693.84,8555.650000000001,236276
2021-02-11,236523,183929000,408744.5,339960,16994.65,237126.5,183377000,214882.5,259554.5,195235,185915,8777.805,8573.335,237317.5
2021-02-12,237742,183798500,419680,346611.5,17049.85,238179.5,183218500,223765.5,268558.5,201621,191903,8878.48,8606.59,238367
2021-02-13,238768,183656500,431060.5,353809.5,17135.75,239231,183062500,232364,278822,208986,199069.5,9015.95,8648.33,239409
2021-02-14,239421,183524000,445272,362492,17234,240301.5,182891000,242043.5,289112,217014,205674.5,9183.970000000001,8700.52,240455
2021-02-15,240032,183374500,460637,372883,17359.8,241369.5,182708000,252276,301460.5,225622,213317.5,9364.935000000001,8764.900000000001,241520.5
2021-02-16,241124,183221500,479408.5,383797,17512.5,242448.5,182532000,263499.5,314129.5,234540.5,221399.5,9577.705,8837.555,242594.5
2021-02-17,242313,183059000,496987.5,395986.5,17675.2,243540.5,182334500,273617.5,327002.5,244047,230232.5,9813.220000000001,8939.605,243674.5
2021-02-18,243752,182887000,516488,410100.5,17878.65,244655,182139000,285965,341436.5,253265,239145.5,10069.75,9056.255000000001,244770
2021-02-19,245083,182712000,539226.5,425779,18127.6,245765,181934000,299960,355511,263452,248470,10344.25,9187.18,245880.5
2021-02-20,246113,182522500,562424,442162.5,18410.25,246904.5,181732500,313420.5,370560.5,274976.5,258690,10648.400000000001,9332.925,247004.5
2021-02-21,246720,182334500,588228.5,459361.5,18740.4,248066,181500000,325718,386831,286614,269174.5,10984.400000000001,9498.41,248151
2021-02-22,247431,182137500,613855.5,478197.5,19101.4,249229,181276000,338683.5,403253.5,298644,280650,11348.5,9695.425,249315.5
2021-02-23,248789,181921000,641557.5,498858.5,19503.15,250425.5,181039500,350757.5,419358.5,310617.5,292437,11724.400000000001,9916.165,250505.5
2021-02-24,250235,181703000,670327,521395,19957.15,251644,180799000,363316.5,435309,322663.5,304334,12137.5,10146.400000000001,251727
2021-02-25,251811,181470500,697988.5,543900,20454.1,252895.5,180550500,374655,450682.5,336041.5,316287.5,12580.650000000001,10402.400000000001,252975
2021-02-26,253151,181239000,728564.5,566958,20975.4,254204.5,180305500,383940.5,464826,348216,328448.5,13048.400000000001,10687.300000000001,254247
2021-02-27,254403,180985500,758682,592484.5,21571.800000000003,255523.5,180069500,395073.5,479096,359338,341048.5,13505.150000000001,10989.650000000001,255564
2021-02-28,255175,180728000,788326,618126,22193.050000000003,256876,179796000,404211,491374.5,369981,352675,13986.55,11299.05,256923.5
2021-03-01,256004,180470500,815779,643488.5,22854.100000000002,258268,179526000,412440,503908,380867.5,363891.5,14511,11639.2,258308
2021-03-02,257725,180209000,845245,668151,23537.25,259705,179252000,421399.5,515508,391662.5,374476.5,15014.45,12005.35,259763
2021-03-03,259543,179937000,872173.5,691268,24276.450000000004,261172,178967500,431800,527585.5,400293,385384,15520.25,12384.2,261257.5
2021-03-04,261380,179649500,900042.5,714372,25043.050000000003,262708.5,178692000,441701.5,539957.5,408964,394816.5,16060.75,12773.900000000001,262763
2021-03-05,263074,179369500,926162.5,740160,25851.4,264275,178411000,450532,551082.5,419098.5,404326,16593,13179.150000000001,264327
2021-03-06,264584,179071500,950422.5,761909.5,26684.65,265902,178096000,458147.5,562421.5,428930.5,413846,17105,13596.85,265956
2021-03-07,265682,178761500,976293.5,783756.5,27541.15,267575,177782500,467112.5,574380,437326.5,423388.5,17626.45,14037.55,267619.5
2021-03-08,266804,178448500,998133,804585,28404.950000000004,269308.5,177457000,476472.5,585770,446943.5,432210,18154,14477.400000000001,269375
2021-03-09,268755,178148000,1020700,826531,29279.25,271091,177138500,488603.5,597645.5,456629.5,441347,18662.100000000002,14919.45,271172
2021-03-10,271136,177831500,1040660,845950.5,30170.75,272930.5,176819500,496046.5,612045.5,467116,451464,19176.4,15379.2,273028.5
2021-03-11,273331,177500500,1064820,866105.5,31075.550000000003,274840,176490500,502862,622004.5,476091.5,461877,19683.850000000002,15855.2,274932.5
2021-03-12,275453,177189000,1086775,885044,31989.75,276790.5,176145500,509254,630349,483161.5,471096.5,20148.350000000002,16329.150000000001,276895
2021-03-13,277412,176864000,1105425,904839,32913.15,278795,175810000,514132.5,637588,490222.5,479012,20644.350000000002,16794.9,278913.5
2021-03-14,278483,176523500,1126905,922536,33851.1,280873,175495000,519300,646707.5,496834,486208,21107.050000000003,17258.35,280983
2021-03-15,279817,176187500,1141535,940936.5,34759.15,283006,175157500,522177.5,652899,503622.5,492631.5,21577.050000000003,17742.800000000003,283122
2021-03-16,282667,175837500,1157915,958497,35693.8,285183,174836000,519900,657430.5,508803,499855,22053.45,18201.95,285288
2021-03-17,285328,175497000,1172065,973638,36584.95,287427,174487500,518989.5,657050,512991,505099.5,22490.350000000002,18665.7,287527.5
2021-03-18,288052,175141000,1181980,989875,37492.350000000006,289739.5,174155500,518707,654623.5,516144.5,509586.5,22909.65,19131.6,289817.5
2021-03-19,290708,174796000,1193800,1002480,38398.5,292111.5,173828000,516975,656099.5,517550,513096,23271.700000000004,19588.300000000003,292157
2021-03-20,293076,174443500,1202470,1013355,39266.75,294491.5,173504000,511912.5,654689,514675.5,516691,23633.200000000004,20036.95,294541
2021-03-21,294238,174102000,1207060,1021375,40130.5,296950,173182000,505838.5,649199,511995,515286.5,23975.7,20472.45,296996
2021-03-22,295926,173776000,1206540,1027960,40961.65,299460,172866000,500248.5,644294,510077,513217,24248.65,20891.550000000003,299514.5
2021-03-23,299073,173433500,1203285,1033465,41770.3,302010,172570500,495355,637853.5,506575.5,511154,24485.300000000003,21278,302083
2021-03-24,301390,173094000,1196600,1034020,42530.100000000006,304606,172262000,490236.5,632285.5,502674.5,506913,24713.5,21664.95,304696
2021-03-25,304044,172772000,1187720,1031430,43251.100000000006,307256,171950500,488391,624754,497563,504359.5,24887.4,22026.450000000004,307375
2021-03-26,307554,172444500,1175665,1026050,43941.25,309961.5,171673000,480987,618451.5,494373,500540,25020.65,22364.4,310085
2021-03-27,310963,172139000,1161935,1019190,44537.5,312681,171369500,469251,608141,489864.5,496135.5,25075.2,22694.550000000003,312832.5
2021-03-28,312533,171831000,1148575,1010610,45042.600000000006,315443,171074500,460653,599644,484202,492016,25121.550000000003,22963.450000000004,315578
2021-03-29,314558,171544000,1130935,1002150,45531.65000000001,318278.5,170793000,451749.5,589867,476762,487050,25122.600000000002,23206.95,318404
2021-03-30,318213,171240000,1113835,990450.5,45951.5,321114.5,170516500,442330.5,579043.5,466945,480096,25080.5,23422.75,321253
2021-03-31,322138,170954000,1096155,978426.5,46321.65000000001,323954,170232500,434588.5,567606,459576,472227,25018.4,23621.4,324104.5
2021-04-01,325793,170672000,1077950,965516,46627.5,326824.5,169977000,426688.5,556398.5,450756.5,463744.5,24893.2,23786.300000000003,327009
2021-04-02,328594,170402000,1058360,951104.5,46842.55,329711,169720000,416571.5,545314,442679.5,456355.5,24764.4,23908.15,329910
2021-04-03,330503,170120000,1038735,937659,46993.65,332643.5,169483500,403921,532941.5,433271,447447,24580.800000000003,23997.700000000004,332812.5
2021-04-04,331745,169850000,1017860,921025.5,47088.5,335574.5,169250500,395682.5,520502.5,423196.5,438689.5,24391.600000000002,24049.6,335746
2021-04-05,333657,169586500,996463.5,905261,47123.350000000006,338502,169016000,385810,507914.5,413065,428697.5,24138.95,24084.300000000003,338677
2021-04-06,337725,169321000,973150,886621.5,47106.850000000006,341432,168780000,376939.5,496662,403306.5,418740.5,23880.850000000002,24070.300000000003,341597.5
2021-04-07,341396,169071500,951157.5,868664.5,47045.7,344354,168550500,367762.5,485447,394316.5,409637,23602.45,24033.950000000004,344533.5
2021-04-08,345544,168840000,927376,851327.5,46937.75,347242.5,168324000,360758,475213,385853,400091,23296.9,23961.2,347436
2021-04-09,349296,168603500,904505.5,831631,46798.3,350136,168103000,353355.5,465087,376888.5,391743.5,22966.550000000003,23856.600000000002,350348.5
2021-04-10,351673,168378500,880962,811269.5,46578.8,353037,167897500,346708,454866,368772,382233,22631.95,23737.9,353242
2021-04-11,353531,168157500,859612,793626.5,46329.4,355924.5,167679000,339649.5,445497,360151.5,374124.5,22279.65,23594.35,356117.5
2021-04-12,355242,167932000,834840.5,774037,46007.5,358803,167471500,333633,436771.5,352645.5,365825,21924.9,23427.9,359004.5
2021-04-13,358999,167719000,813906.5,755032.5,45675.75,361655,167271500,329638.5,429155,346577,358193,21563.65,23230.75,361874.5
2021-04-14,362444,167510000,793240,736162.5,45304.100000000006,364473.5,167072500,324535,422581.5,339926,351358,21197.600000000002,23023.550000000003,364695.5
2021-04-15,365935,167308000,774045.5,720050.5,44884.5,367289.5,166856500,319920.5,416511.5,333945,344332.5,20818.550000000003,22798.550000000003,367497
2021-04-16,369271,167108000,756029,702695.5,44417.45,370050.5,166666000,318765,411997.5,329773.5,338283.5,20453.600000000002,22526.6,370254
2021-04-17,372149,166902000,741112,684513,43947.65000000001,372792,166481500,315484,407504.5,324881,333016.5,20085.200000000004,22272.45,372998
2021-04-18,373671,166707000,727851,670043.5,43452.5,375496.5,166277500,312677.5,404435.5,321195.5,328761,19696.65,21996.65,375707
2021-04-19,375427,166521000,715507.5,655770.5,42934.100000000006,378151,166084500,310839,399889.5,318658,324516,19360.65,21728.15,378375.5
2021-04-20,378774,166334000,703901.5,643505.5,42378.25,380779,165897000,309628.5,397015,315607,320810.5,19036.2,21435.95,381011.5
2021-04-21,381971,166147500,693001,632480,41844.05,383400.5,165700000,306200,393935.5,312503.5,318204,18745.9,21148.050000000003,383626.5
2021-04-22,384022,165967500,684377,621759.5,41306.75,385984,165504000,304056.5,391303.5,310112.5,314923,18465.45,20865.65,386210
2021-04-23,387067,165780500,675147.5,612927.5,40795.100000000006,388535,165308500,301325,387964,308570,312121,18212.1,20586.100000000002,388767.5
2021-04-24,389830,165591500,668036,604422.5,40285.600000000006,391044,165117000,299780.5,384302.5,305235.5,309967,17961.800000000003,20301.45,391260
2021-04-25,391164,165403500,661433.5,596721,39769.850000000006,393514.5,164922500,298804.5,382993.5,303011,307598,17727,20019.350000000002,393726
2021-04-26,392544,165227500,656743,588368.5,39238.3,395963.5,164723000,298422.5,382434.5,301818.5,304863.5,17529.2,19750.4,396172
2021-04-27,395623,165064000,653423.5,582165.5,38738.8,398366,164534000,299024,380942.5,300706,303299,17332.2,19487.1,398582
2021-04-28,398637,164861500,650949,576697.5,38224.100000000006,400735,164349000,299215,381023.5,300638,301810.5,17149.15,19230.65,400971.5
2021-04-29,401669,164683500,646989,573315,37769.350000000006,403071.5,164164500,298352.5,381742.5,300402,301232.5,16967.6,18982.8,403283
2021-04-30,404530,164483500,645211.5,568466.5,37308.9,405407.5,163953500,297489.5,379957.5,299715.5,301407.5,16824.25,18731.25,405615
2021-05-01,406770,164309000,642850.5,566961,36899.3,407704.5,163737500,296630,378878.5,299877.5,300900,16658.85,18508.4,407884
2021-05-02,408036,164131500,641040,562461.5,36493.4,409995.5,163555000,296542.5,378685,300255.5,300658,16527.600000000002,18298.65,410124
2021-05-03,409161,163949000,639496,559534.5,36057.600000000006,412260.5,163363000,297225,378378.5,299142,301226.5,16380.3,18109.65,412354.5
2021-05-04,412032,163752000,636822.5,556871,35670.3,414491.5,163144500,298017.5,377564,298247,300560,16289.5,17910.45,414555.5
